{
  "convertHtmlOutput": null,
  "customRubyPath": null,
  "debug": false,
  "domain": null,
  "followLeader": false,
  "lintScripts": false,
  "modelSource": null,
  "preprocessorLocations": null,
  "preprocessorScriptOutput": null,
  "preprocessorStyleOutput": null,
  "projectDescription": "My project description",
  "projectName": "PaciniCarouselBoiler",
  "publishedId": null,
  "serverHostname": null,
  "serverPort": null,
  "simpleModePartnerServer": null,
  "templateDefaultLayout": "layout",
  "templateDefaultPage": "index",
  "templateDirectory": "templates",
  "type": "simple",
  "useCompass": false
}